{"meta": {"date": "2025-12-04", "version": "5.2.2+20251204"}, "data": {"artifact": {"subTypes": ["Attraction", "Blood", "Bobblehead", "Clue", "Contraption", "Equipment", "Food", "Fortification", "Gold", "Incubator", "Infinity", "Junk", "Map", "Powerstone", "Stone", "Terminus", "Treasure", "Vehicle", "Spacecraft"], "superTypes": ["Basic", "Legendary", "Ongoing", "Snow", "World"]}, "battle": {"subTypes": ["Siege"], "superTypes": ["Basic", "Legendary", "Ongoing", "Snow", "World"]}, "conspiracy": {"subTypes": [], "superTypes": ["Basic", "Legendary", "Ongoing", "Snow", "World"]}, "creature": {"subTypes": ["Advisor", "Aetherborn", "Alien", "Ally", "Angel", "Antelope", "Ape", "Archer", "Archon", "Armadillo", "Army", "Artifact", "Artificer", "Assassin", "Assembly-Worker", "Astartes", "Atog", "Aurochs", "Automaton", "Avatar", "Azra", "Badger", "Balloon", "Barbarian", "Bard", "Basilisk", "Bat", "Bear", "Beast", "Beaver", "Beeble", "Beholder", "Berserker", "Bird", "Bison", "Blinkmoth", "Boar", "Brainiac", "Bringer", "Brushwagg", "C'tan", "Camarid", "Camel", "Capybara", "Caribou", "Carrier", "Cat", "Centaur", "Chicken", "Child", "Chimera", "Citizen", "Cleric", "Clown", "Cockatrice", "Construct", "Coward", "Coyote", "Crab", "Crocodile", "Custodes", "Cyberman", "Cyclops", "Dalek", "Dauthi", "Demigod", "Demon", "Deserter", "Detective", "Devil", "Dinosaur", "Djinn", "Doctor", "Dog", "Dragon", "Drake", "Dreadnought", "Drix", "Drone", "Druid", "Dryad", "Dwarf", "Echidna", "Efreet", "Egg", "Elder", "Eldrazi", "Elemental", "Elephant", "Elf", "Elk", "Employee", "Eye", "Faerie", "Ferret", "Fish", "Flagbearer", "Fox", "Fractal", "Frog", "Fungus", "Gamer", "Gargoyle", "Germ", "Giant", "Gith", "Glimmer", "Gnoll", "Gnome", "Goat", "Goblin", "God", "Golem", "Gorgon", "Graveborn", "Gremlin", "Griffin", "Guest", "Hag", "Halfling", "Hamster", "Harpy", "Head", "Hedgehog", "Hellion", "Hero", "Hippo", "Hippogriff", "Homarid", "Homunculus", "Hornet", "Horror", "Horse", "Human", "Hydra", "Hyena", "Illusion", "Imp", "Incarnation", "Inkling", "Inquisitor", "Insect", "Jackal", "Jellyfish", "Juggernaut", "Kangaroo", "Kavu", "Kirin", "Kithkin", "Knight", "Kobold", "Kor", "Kraken", "Lamia", "Lammasu", "Leech", "Lemur", "Leviathan", "Lhurgoyf", "Licid", "Lizard", "Lobster", "Manticore", "Masticore", "Mercenary", "Merfolk", "Metathran", "Minion", "Minotaur", "Mite", "Mole", "Monger", "Mongoose", "Monk", "Monkey", "Moogle", "Moonfolk", "Mount", "Mouse", "Mutant", "Myr", "Mystic", "Naga", "Nautilus", "Necron", "Nephilim", "Nightmare", "Nightstalker", "Ninja", "Noble", "Noggle", "Nomad", "Nymph", "Octopus", "Ogre", "Ooze", "Orb", "Orc", "Orgg", "Otter", "Ouphe", "Ox", "Oyster", "Pangolin", "Peasant", "Pegasus", "Pentavite", "Performer", "Pest", "Phelddagrif", "Phoenix", "Phyrexian", "Pilot", "Pincher", "Pirate", "Plant", "Platypus", "Porcupine", "Possum", "Praetor", "Primarch", "Prism", "Processor", "Qu", "Rabbit", "Raccoon", "Ranger", "Rat", "Rebel", "Reflection", "Reveler", "Rhino", "Rigger", "Robot", "Rogue", "Rukh", "Sable", "Salamander", "Samurai", "Sand", "Saproling", "Satyr", "Scarecrow", "Scientist", "Scion", "Scorpion", "Scout", "Sculpture", "Seal", "Serf", "Serpent", "Servo", "Shade", "Shaman", "Shapeshifter", "Shark", "Sheep", "Siren", "Skeleton", "Skunk", "Slith", "Sliver", "Sloth", "Slug", "Snail", "Snake", "Soldier", "Soltari", "Sorcerer", "Spawn", "Specter", "Spellshaper", "Sphinx", "Spider", "Spike", "Spirit", "Splinter", "Sponge", "Spy", "Squid", "Squirrel", "Starfish", "Surrakar", "Survivor", "Symbiote", "Synth", "Teddy", "Tentacle", "Tetravite", "Thalakos", "Thopter", "Thrull", "Tiefling", "Time Lord", "Toy", "Treefolk", "Trilobite", "Triskelavite", "Troll", "Turtle", "Tyranid", "Unicorn", "Urzan", "Utrom", "Vampire", "Varmint", "Vedalken", "Villain", "Volver", "Wall", "Walrus", "Warlock", "Warrior", "Wasp", "Weasel", "Weird", "Werewolf", "Whale", "Wizard", "Wolf", "Wolverine", "Wombat", "Worm", "Wraith", "Wurm", "Yeti", "Zombie", "Zubera"], "superTypes": ["Basic", "Legendary", "Ongoing", "Snow", "World"]}, "enchantment": {"subTypes": ["Aura", "Background", "Cartouche", "Case", "Class", "Curse", "Role", "Room", "Rune", "Saga", "Shard", "Shrine"], "superTypes": ["Basic", "Legendary", "Ongoing", "Snow", "World"]}, "instant": {"subTypes": ["Adventure", "Arcane", "Chorus", "Lesson", "Omen", "Trap"], "superTypes": ["Basic", "Legendary", "Ongoing", "Snow", "World"]}, "land": {"subTypes": ["Cave", "Cloud", "Desert", "Forest", "Gate", "Island", "Lair", "Locus", "Mine", "Mountain", "Sphere", "Plains", "Planet", "Power-Plant", "Swamp", "Tower", "Town", "Urza's"], "superTypes": ["Basic", "Legendary", "Ongoing", "Snow", "World"]}, "phenomenon": {"subTypes": [], "superTypes": ["Basic", "Legendary", "Ongoing", "Snow", "World"]}, "plane": {"subTypes": ["The Abyss", "Alara", "Alfava Metraxis", "Amonkhet", "Androzani Minor", "Antausia", "Apalapucia", "Arcavios", "Arkhos", "Avishkar", "Azgol", "Belenon", "Bolas’s Meditation Realm", "Capenna", "Cridhe", "The Dalek Asylum", "Darillium", "Dominaria", "Earth", "Echoir", "Eldraine", "Equilor", "Ergamon", "Fabacin", "Fiora", "Gallifrey", "Gargantikar", "Gobakhan", "Horsehead Nebula", "Ikoria", "Innistrad", "Iquatana", "Ir", "Ixalan", "Kaldheim", "Kamigawa", "Kandoka", "Karsus", "Kephalai", "Kinshala", "Kolbahan", "Kylem", "Kyneth", "The Library", "Lorwyn", "Luvion", "Mars", "Mercadia", "Mirrodin", "Moag", "Mongseng", "Moon", "Muraganda", "Necros", "New Earth", "New Phyrexia", "Outside Mutter’s Spiral", "Phyrexia", "Pyrulea", "Rabiah", "Rath", "Ravnica", "Regatha", "Segovia", "Serra’s Realm", "Shadowmoor", "Shandalar", "Shenmeng", "Skaro", "Spacecraft", "Tarkir", "Theros", "Time", "Trenzalore", "Ulgrotha", "Unknown Planet", "Valla", "Vryn", "Wildfire", "Xerex", "Zendikar", "Zhalfir"], "superTypes": ["Basic", "Legendary", "Ongoing", "Snow", "World"]}, "planeswalker": {"subTypes": ["Abian", "Ajani", "Aminatou", "Angrath", "Arlinn", "Ashiok", "B.O.B.", "Bahamut", "Basri", "Bolas", "Calix", "Chandra", "Comet", "Dack", "Dakkon", "Daretti", "Davriel", "Deb", "Dihada", "Domri", "Dovin", "Duck", "Dungeon", "Ellywick", "Elminster", "Elspeth", "Equipment", "Ersta", "Estrid", "Freyalise", "Garruk", "Gideon", "Grist", "Guff", "Huatli", "Inzerva", "Jace", "Jared", "Jaya", "Jeska", "Kaito", "Karn", "Kasmina", "Kaya", "Kiora", "Koth", "Liliana", "Lolth", "Lukka", "Luxior", "Master", "Minsc", "Mordenkainen", "Nahiri", "Narset", "Niko", "Nissa", "Nixilis", "Oko", "Quintorius", "Ral", "Rowan", "Saheeli", "Samut", "Sarkhan", "Serra", "Sivitri", "Sorin", "Svega", "Szat", "Tamiyo", "Tasha", "Teferi", "Teyo", "Tezzeret", "Tibalt", "Tyvar", "Ugin", "Urza", "Venser", "Vivien", "Vraska", "Vronos", "Wanderer", "Will", "Windgrace", "Wrenn", "Xenagos", "Yanggu", "Yanling", "Zariel"], "superTypes": ["Basic", "Legendary", "Ongoing", "Snow", "World"]}, "scheme": {"subTypes": [], "superTypes": ["Basic", "Legendary", "Ongoing", "Snow", "World"]}, "sorcery": {"subTypes": ["Adventure", "Arcane", "Chorus", "Lesson", "Omen", "Trap"], "superTypes": ["Basic", "Legendary", "Ongoing", "Snow", "World"]}, "tribal": {"subTypes": [], "superTypes": ["Basic", "Legendary", "Ongoing", "Snow", "World"]}, "vanguard": {"subTypes": [], "superTypes": ["Basic", "Legendary", "Ongoing", "Snow", "World"]}}}